BMID000000142305,'Eubacterium'
BMID000000140669,'Acaryochloris'
BMID000000140997,'Accumulibacter'
BMID000000141044,'Acetobacter'
BMID000000140582,'Acetobacterium'
BMID000000140418,'Acetohalobium'
BMID000000141641,'Acholeplasma'
BMID000000141388,'Achromobacter'
BMID000000141191,'Acidaminococcus'
BMID000000141911,'Acidianus'
BMID000000141245,'Acidilobus'
BMID000000141888,'Acidimicrobium'
BMID000000140579,'Acidiphilium'
BMID000000141497,'Acidithiobacillus'
BMID000000141393,'Acidobacterium'
BMID000000141037,'Acidothermus'
BMID000000140718,'Acidovorax'
BMID000000141963,'Aciduliprofundum'
BMID000000141987,'Acinetobacter'
BMID000000140606,'Actinobacillus'
BMID000000141067,'Actinoplanes'
BMID000000141939,'Actinosynnema'
BMID000000140327,'Acyrthosiphon'
BMID000000142656,'Advenella'
BMID000000141967,'Aedes'
BMID000000142347,'Aequorivita'
BMID000000141559,'Aerococcus'
BMID000000140657,'Aeromonas'
BMID000000142009,'Aeropyrum'
BMID000000140465,'Aggregatibacter'
BMID000000141141,'Agrobacterium'
BMID000000141599,'Ailuropoda'
BMID000000142240,'Ajellomyces'
BMID000000140891,'Akkermansia'
BMID000000140644,'Alcanivorax'
BMID000000141259,'Alicycliphilus'
BMID000000140735,'Alicyclobacillus'
BMID000000141754,'Aliivibrio'
BMID000000142574,'Alistipes'
BMID000000140540,'Alkalilimnicola'
BMID000000141842,'Alkaliphilus'
BMID000000140973,'Allochromatium'
BMID000000142319,'Alphaproteobacteria'
BMID000000141450,'Alteromonas'
BMID000000140727,'Aminobacterium'
BMID000000140325,'Ammonifex'
BMID000000141214,'Amoebophilus'
BMID000000142278,'Amphibacillus'
BMID000000142200,'Amphimedon'
BMID000000141093,'Amycolatopsis'
BMID000000141619,'Amycolicicoccus'
BMID000000140898,'Anabaena'
BMID000000142336,'Anaerobaculum'
BMID000000140995,'Anaerocellum'
BMID000000141722,'Anaerococcus'
BMID000000140949,'Anaerolinea'
BMID000000140446,'Anaeromyxobacter'
BMID000000140344,'Anaplasma'
BMID000000141339,'Anolis'
BMID000000141627,'Anopheles'
BMID000000141714,'Anoxybacillus'
BMID000000141455,'Apis'
BMID000000140340,'Apple'
BMID000000141549,'Aquifex'
BMID000000140799,'Arabidopsis'
BMID000000141523,'Arcanobacterium'
BMID000000140871,'Archaeoglobus'
BMID000000140660,'Arcobacter'
BMID000000141330,'Aromatoleum'
BMID000000140668,'Arthrobacter'
BMID000000141028,'Arthroderma'
BMID000000141812,'Arthromitus'
BMID000000142389,'Arthrospira'
BMID000000141771,'Ashbya'
BMID000000140753,'Aspergillus'
BMID000000140978,'Aster'
BMID000000141197,'Asticcacaulis'
BMID000000140485,'Atopobium'
BMID000000140289,'Azoarcus'
BMID000000141233,'Azobacteroides'
BMID000000140621,'Azorhizobium'
BMID000000141820,'Azospirillum'
BMID000000141677,'Azotobacter'
BMID000000140622,'Babesia'
BMID000000140499,'Bacillus'
BMID000000140756,'Bacteriovorax'
BMID000000140636,'Bacteroides'
BMID000000140298,'Bartonella'
BMID000000140541,'Baumannia'
BMID000000140235,'Bdellovibrio'
BMID000000140532,'Beijerinckia'
BMID000000142667,'Belliella'
BMID000000142292,'Betaproteobacteria'
BMID000000141487,'Beutenbergia'
BMID000000142246,'Bibersteinia'
BMID000000141231,'Bifidobacterium'
BMID000000140950,'Blastococcus'
BMID000000141090,'Blattabacterium'
BMID000000140346,'Blochmannia'
BMID000000140814,'Bombyx'
BMID000000141046,'Bordetella'
BMID000000140998,'Borrelia'
BMID000000140566,'Bos'
BMID000000141780,'Botryotinia'
BMID000000140708,'Brachybacterium'
BMID000000141856,'Brachypodium'
BMID000000140436,'Brachyspira'
BMID000000141758,'Bradyrhizobium'
BMID000000140258,'Branchiostoma'
BMID000000140678,'Brevibacillus'
BMID000000140284,'Brevundimonas'
BMID000000141914,'Brucella'
BMID000000141115,'Brugia'
BMID000000140633,'Buchnera'
BMID000000141567,'Burkholderia'
BMID000000142178,'Butyrate-producing'
BMID000000141921,'Butyrivibrio'
BMID000000141468,'Caenorhabditis'
BMID000000140474,'Caldicellulosiruptor'
BMID000000141907,'Caldilinea'
BMID000000141653,'Caldisericum'
BMID000000142133,'Caldisphaera'
BMID000000140866,'Calditerrivibrio'
BMID000000141624,'Caldivirga'
BMID000000142188,'Calothrix'
BMID000000141937,'Campylobacter'
BMID000000142047,'Candida'
BMID000000141150,'Candidatus'
BMID000000141291,'Canis'
BMID000000140855,'Capnocytophaga'
BMID000000141550,'Carboxydothermus'
BMID000000142493,'Cardinium'
BMID000000140519,'Carnobacterium'
BMID000000140940,'Carsonella'
BMID000000141740,'Catenulispora'
BMID000000140986,'Caulobacter'
BMID000000140367,'Cellulomonas'
BMID000000141668,'Cellulophaga'
BMID000000142035,'Cellulosilyticum'
BMID000000140293,'Cellvibrio'
BMID000000141317,'Cenarchaeum'
BMID000000142669,'Chamaesiphon'
BMID000000140524,'Chitinophaga'
BMID000000141995,'Chlamydia'
BMID000000140487,'Chlamydomonas'
BMID000000140847,'Chlamydophila'
BMID000000141845,'Chloracidobacterium'
BMID000000141912,'Chlorobaculum'
BMID000000140762,'Chlorobium'
BMID000000140650,'Chloroflexus'
BMID000000141337,'Chloroherpeton'
BMID000000140220,'Chromobacterium'
BMID000000141749,'Chromohalobacter'
BMID000000142554,'Chroococcidiopsis'
BMID000000140496,'Ciona'
BMID000000140746,'Citrobacter'
BMID000000140350,'Clavibacter'
BMID000000140665,'Clavispora'
BMID000000141527,'Clostridiales'
BMID000000140584,'Clostridium'
BMID000000141846,'Coccidioides'
BMID000000142025,'Collimonas'
BMID000000141798,'Colwellia'
BMID000000141217,'Comamonas'
BMID000000141596,'Conexibacter'
BMID000000141739,'Coprinopsis'
BMID000000142522,'Coprococcus'
BMID000000140838,'Coprothermobacter'
BMID000000141557,'Coraliomargarita'
BMID000000141142,'Corallococcus'
BMID000000140448,'Coriobacterium'
BMID000000142521,'Corynebacterium'
BMID000000141532,'Coxiella'
BMID000000142167,'Crinalium'
BMID000000141338,'Croceibacter'
BMID000000141663,'Cronobacter'
BMID000000140575,'Cryptobacterium'
BMID000000141997,'Cryptococcus'
BMID000000141970,'Cryptosporidium'
BMID000000142512,'Cucumis'
BMID000000141277,'Culex'
BMID000000140972,'Cupriavidus'
BMID000000141432,'Cyanidioschyzon'
BMID000000141476,'Cyanobacterium'
BMID000000142603,'Cyanobium'
BMID000000140888,'Cyanothece'
BMID000000140489,'Cyclobacterium'
BMID000000142644,'Cycloclasticus'
BMID000000142718,'Cylindrospermum'
BMID000000140206,'Cytophaga'
BMID000000142140,'Dactylococcopsis'
BMID000000142036,'Danio'
BMID000000141525,'Daphnia'
BMID000000141580,'Debaryomyces'
BMID000000141399,'Dechloromonas'
BMID000000140236,'Dechlorosoma'
BMID000000142019,'Deferribacter'
BMID000000142800,'Dehalobacter'
BMID000000140741,'Dehalococcoides'
BMID000000140572,'Dehalogenimonas'
BMID000000140386,'Deinococcus'
BMID000000141343,'Delftia'
BMID000000141457,'Denitrovibrio'
BMID000000141744,'Desulfarculus'
BMID000000140925,'Desulfatibacillum'
BMID000000141034,'Desulfitobacterium'
BMID000000140546,'Desulfobacca'
BMID000000140781,'Desulfobacterium'
BMID000000142532,'Desulfobacula'
BMID000000141534,'Desulfobulbus'
BMID000000142358,'Desulfocapsa'
BMID000000141796,'Desulfococcus'
BMID000000140649,'Desulfohalobium'
BMID000000140392,'Desulfomicrobium'
BMID000000142679,'Desulfomonile'
BMID000000141655,'Desulforudis'
BMID000000142046,'Desulfosporosinus'
BMID000000140717,'Desulfotalea'
BMID000000140952,'Desulfotomaculum'
BMID000000140766,'Desulfovibrio'
BMID000000141389,'Desulfurispirillum'
BMID000000141199,'Desulfurivibrio'
BMID000000141778,'Desulfurobacterium'
BMID000000141539,'Desulfurococcus'
BMID000000140863,'Dichelobacter'
BMID000000141908,'Dickeya'
BMID000000140912,'Dictyoglomus'
BMID000000142276,'Dictyostelium'
BMID000000140832,'Dinoroseobacter'
BMID000000141998,'Drosophila'
BMID000000140787,'Dyadobacter'
BMID000000142175,'Echinicola'
BMID000000140238,'Edwardsiella'
BMID000000140878,'Eggerthella'
BMID000000140811,'Ehrlichia'
BMID000000140931,'Elusimicrobium'
BMID000000141085,'Emericella'
BMID000000142553,'Emticicia'
BMID000000142102,'Encephalitozoon'
BMID000000141986,'Entamoeba'
BMID000000141327,'Enterobacter'
BMID000000142321,'Enterobacteriaceae'
BMID000000141416,'Enterococcus'
BMID000000140317,'Equus'
BMID000000142417,'Eremothecium'
BMID000000141776,'Erwinia'
BMID000000140695,'Erysipelothrix'
BMID000000141176,'Erythrobacter'
BMID000000141156,'Escherichia'
BMID000000140626,'Ethanoligenens'
BMID000000141288,'Eubacterium'
BMID000000141857,'Exiguobacterium'
BMID000000142355,'Faecalibacterium'
BMID000000142153,'Felis'
BMID000000140271,'Ferrimonas'
BMID000000140830,'Ferroglobus'
BMID000000142359,'Fervidicoccus'
BMID000000141605,'Fervidobacterium'
BMID000000142780,'Fibrella'
BMID000000141210,'Fibrobacter'
BMID000000140685,'Filifactor'
BMID000000141378,'Finegoldia'
BMID000000141935,'Flavobacteriaceae'
BMID000000140637,'Flavobacterium'
BMID000000142774,'Flexibacter'
BMID000000140338,'Flexistipes'
BMID000000141601,'Fluviicola'
BMID000000141183,'Francisella'
BMID000000141887,'Frankia'
BMID000000140422,'Frateuria'
BMID000000141334,'Fusobacterium'
BMID000000141835,'Gallibacterium'
BMID000000141931,'Gallionella'
BMID000000141254,'Gallus'
BMID000000141750,'Gammaproteobacteria'
BMID000000141481,'Gardnerella'
BMID000000142112,'Geitlerinema'
BMID000000140694,'Gemmatimonas'
BMID000000141669,'Geobacillus'
BMID000000140962,'Geobacter'
BMID000000141838,'Geodermatophilus'
BMID000000140944,'Giardia'
BMID000000141470,'Gibberella'
BMID000000140999,'Glaciecola'
BMID000000141633,'Gloeobacter'
BMID000000142533,'Gloeocapsa'
BMID000000141568,'Gluconacetobacter'
BMID000000140867,'Gluconobacter'
BMID000000141055,'Glycine'
BMID000000140683,'Gordonia'
BMID000000142518,'Gordonibacter'
BMID000000142517,'Gorilla'
BMID000000140425,'Gramella'
BMID000000140304,'Granulibacter'
BMID000000141380,'Granulicella'
BMID000000140613,'Haemophilus'
BMID000000141865,'Hahella'
BMID000000141027,'Halalkalicoccus'
BMID000000141794,'Halanaerobium'
BMID000000140992,'Haliangium'
BMID000000141125,'Haliscomenobacter'
BMID000000141097,'Haloarcula'
BMID000000142604,'Halobacillus'
BMID000000141972,'Halobacterium'
BMID000000142070,'Halobacteroides'
BMID000000140545,'Haloferax'
BMID000000141897,'Halogeometricum'
BMID000000141790,'Halomicrobium'
BMID000000140782,'Halomonas'
BMID000000141091,'Halobacteria'
BMID000000141626,'Halopiger'
BMID000000141138,'Haloquadratum'
BMID000000140902,'Halorhabdus'
BMID000000141905,'Halorhodospira'
BMID000000141623,'Halorubrum'
BMID000000140444,'Haloterrigena'
BMID000000142266,'Halothece'
BMID000000140719,'Halothermothrix'
BMID000000140826,'Halothiobacillus'
BMID000000142256,'Halovivax'
BMID000000140873,'Hamiltonella'
BMID000000141789,'Helicobacter'
BMID000000140394,'Heliobacterium'
BMID000000142011,'Herbaspirillum'
BMID000000141491,'Herminiimonas'
BMID000000140310,'Herpetosiphon'
BMID000000140391,'Hippea'
BMID000000140420,'Hirschia'
BMID000000141151,'Hodgkinia'
BMID000000140905,'Homo'
BMID000000142018,'Hydra'
BMID000000141267,'Hydrogenobacter'
BMID000000140600,'Hydrogenobaculum'
BMID000000140823,'Hyperthermus'
BMID000000141184,'Hyphomicrobium'
BMID000000141959,'Hyphomonas'
BMID000000141347,'Idiomarina'
BMID000000142099,'Ignavibacterium'
BMID000000140692,'Ignicoccus'
BMID000000140894,'Ignisphaera'
BMID000000142181,'Ilumatobacter'
BMID000000140881,'Ilyobacter'
BMID000000140455,'Intrasporangium'
BMID000000141307,'Isoptericola'
BMID000000140640,'Isosphaera'
BMID000000141929,'Ixodes'
BMID000000141848,'Jannaschia'
BMID000000140217,'Janthinobacterium'
BMID000000140804,'Jonesia'
BMID000000140461,'Kangiella'
BMID000000142224,'Kazachstania'
BMID000000141904,'Ketogulonicigenium'
BMID000000140563,'Kineococcus'
BMID000000141454,'Kitasatospora'
BMID000000141743,'Klebsiella'
BMID000000140836,'Kluyveromyces'
BMID000000141516,'Kocuria'
BMID000000140267,'Korarchaeum'
BMID000000140739,'Koribacter'
BMID000000140326,'Kosmotoga'
BMID000000140666,'Kribbella'
BMID000000140497,'Krokinobacter'
BMID000000140788,'Kytococcus'
BMID000000141305,'Laccaria'
BMID000000140749,'Lachancea'
BMID000000141958,'Lacinutrix'
BMID000000141915,'Lactobacillus'
BMID000000141281,'Lactococcus'
BMID000000141110,'Laribacter'
BMID000000141400,'Lawsonia'
BMID000000141496,'Leadbetterella'
BMID000000140243,'Legionella'
BMID000000141773,'Leifsonia'
BMID000000141763,'Leishmania'
BMID000000142119,'Leptolyngbya'
BMID000000141832,'Leptospira'
BMID000000140604,'Leptospirillum'
BMID000000140381,'Leptothrix'
BMID000000140955,'Leptotrichia'
BMID000000141436,'Leuconostoc'
BMID000000140591,'Liberibacter'
BMID000000141472,'Listeria'
BMID000000140951,'Lodderomyces'
BMID000000140687,'Lotus'
BMID000000141813,'Lysinibacillus'
BMID000000140466,'Macaca'
BMID000000140841,'Macrococcus'
BMID000000141944,'Magnaporthe'
BMID000000140282,'Magnetococcus'
BMID000000141680,'Magnetospirillum'
BMID000000141131,'Mahella'
BMID000000141859,'Malassezia'
BMID000000141499,'Mannheimia'
BMID000000141001,'Maribacter'
BMID000000141864,'Maricaulis'
BMID000000140321,'Marinithermus'
BMID000000142027,'Marinitoga'
BMID000000141538,'Marinobacter'
BMID000000141885,'Marinomonas'
BMID000000140494,'Marivirga'
BMID000000140520,'Medicago'
BMID000000142350,'Megamonas'
BMID000000140722,'Megasphaera'
BMID000000141129,'Meiothermus'
BMID000000140345,'Meleagris'
BMID000000141082,'Melissococcus'
BMID000000141045,'Mesoplasma'
BMID000000140976,'Mesorhizobium'
BMID000000142744,'Mesotoga'
BMID000000141490,'Metallosphaera'
BMID000000141460,'Methanobacterium'
BMID000000141367,'Methanobrevibacter'
BMID000000140852,'Methanocaldococcus'
BMID000000141079,'Methanocella'
BMID000000141503,'Methanococcoides'
BMID000000141286,'Methanococcus'
BMID000000140416,'Methanocorpusculum'
BMID000000141782,'Methanoculleus'
BMID000000140336,'Methanohalobium'
BMID000000140339,'Methanohalophilus'
BMID000000142294,'Methanolobus'
BMID000000142462,'Methanomethylovorans'
BMID000000141694,'Methanoplanus'
BMID000000140883,'Methanopyrus'
BMID000000141248,'Methanoregula'
BMID000000140970,'Methanosaeta'
BMID000000140750,'Methanosalsum'
BMID000000141989,'Methanosarcina'
BMID000000141268,'Methanosphaera'
BMID000000141728,'Methanosphaerula'
BMID000000140674,'Methanospirillum'
BMID000000141486,'Methanothermobacter'
BMID000000141815,'Methanothermococcus'
BMID000000140311,'Methanothermus'
BMID000000141966,'Methanotorris'
BMID000000142022,'Methylacidiphilum'
BMID000000140793,'Methylibium'
BMID000000141956,'Methylobacillus'
BMID000000141807,'Methylobacterium'
BMID000000141260,'Methylocella'
BMID000000141026,'Methylococcus'
BMID000000142642,'Methylocystis'
BMID000000140430,'Methylomicrobium'
BMID000000141724,'Methylomonas'
BMID000000142194,'Methylophaga'
BMID000000141531,'Methylotenera'
BMID000000141948,'Methylovorus'
BMID000000141588,'Meyerozyma'
BMID000000140406,'Micavibrio'
BMID000000141748,'Microbacterium'
BMID000000140451,'Micrococcus'
BMID000000142283,'Microcoleus'
BMID000000141745,'Microcystis'
BMID000000141868,'Microlunatus'
BMID000000140699,'Micromonospora'
BMID000000141706,'Midichloria'
BMID000000140715,'Mobiluncus'
BMID000000142267,'Modestobacter'
BMID000000141409,'Moniliophthora'
BMID000000140292,'Monodelphis'
BMID000000140887,'Monosiga'
BMID000000141240,'Moorella'
BMID000000141540,'Moranella'
BMID000000141520,'Moraxella'
BMID000000142651,'Morganella'
BMID000000140577,'Muricauda'
BMID000000141688,'Mus'
BMID000000140977,'Mycobacterium'
BMID000000141275,'Mycoplasma'
BMID000000142190,'Mycosphaerella'
BMID000000140860,'Myxococcus'
BMID000000141642,'Naegleria'
BMID000000140506,'Nakamurella'
BMID000000141716,'Nanoarchaeum'
BMID000000141011,'Nasonia'
BMID000000140598,'Natranaerobius'
BMID000000140512,'Natrialba'
BMID000000142791,'Natrinema'
BMID000000142091,'Natronobacterium'
BMID000000142326,'Natronococcus'
BMID000000141430,'Natronomonas'
BMID000000142066,'Naumovozyma'
BMID000000140981,'Nautilia'
BMID000000141329,'Nectria'
BMID000000140712,'Neisseria'
BMID000000140638,'Nematostella'
BMID000000141670,'Neorickettsia'
BMID000000141325,'Neosartorya'
BMID000000140971,'Neurospora'
BMID000000140932,'Niastella'
BMID000000141595,'Nitratifractor'
BMID000000140801,'Nitratiruptor'
BMID000000141943,'Nitrobacter'
BMID000000140901,'Nitrosococcus'
BMID000000140974,'Nitrosomonas'
BMID000000141272,'Nitrosopumilus'
BMID000000142424,'Nitrososphaera'
BMID000000140615,'Nitrosospira'
BMID000000141699,'Nocardia'
BMID000000141618,'Nocardioides'
BMID000000141947,'Nocardiopsis'
BMID000000142104,'Nonlabens'
BMID000000140802,'Nosema'
BMID000000140371,'Nostoc'
BMID000000140260,'Novosphingobium'
BMID000000141994,'Oceanimonas'
BMID000000140417,'Oceanithermus'
BMID000000140935,'Oceanobacillus'
BMID000000140709,'Ochrobactrum'
BMID000000142459,'Octadecabacter'
BMID000000141734,'Odoribacter'
BMID000000141022,'Oenococcus'
BMID000000140297,'Oligotropha'
BMID000000140596,'Olsenella'
BMID000000141711,'Onion'
BMID000000141851,'Opitutus'
BMID000000141817,'Orientia'
BMID000000142819,'Ornithobacterium'
BMID000000141074,'Ornithorhynchus'
BMID000000141346,'Oryza'
BMID000000140257,'Oryzias'
BMID000000142470,'Oscillatoria'
BMID000000141201,'Oscillibacter'
BMID000000141000,'Ostreococcus'
BMID000000140844,'Owenweeksia'
BMID000000142012,'Paenibacillus'
BMID000000140296,'Paludibacter'
BMID000000141799,'Pan'
BMID000000141128,'Pantoea'
BMID000000140276,'Parabacteroides'
BMID000000141806,'Parachlamydia'
BMID000000142134,'Paracoccidioides'
BMID000000140337,'Paracoccus'
BMID000000140938,'Paramecium'
BMID000000141938,'Parvibaculum'
BMID000000141572,'Parvularcula'
BMID000000140744,'Pasteurella'
BMID000000140980,'Pectobacterium'
BMID000000141466,'Pediculus'
BMID000000140538,'Pediococcus'
BMID000000140907,'Pedobacter'
BMID000000140211,'Pelagibacter'
BMID000000141594,'Pelagibacterium'
BMID000000140880,'Pelobacter'
BMID000000141543,'Pelodictyon'
BMID000000141102,'Pelotomaculum'
BMID000000141537,'Penicillium'
BMID000000140410,'Persephonella'
BMID000000141646,'Petrotoga'
BMID000000142247,'Phaeobacter'
BMID000000140419,'Phaeodactylum'
BMID000000140937,'Phaeosphaeria'
BMID000000141465,'Phanerochaete'
BMID000000141376,'Phenylobacterium'
BMID000000140369,'Photobacterium'
BMID000000140447,'Photorhabdus'
BMID000000140333,'Phycisphaera'
BMID000000140910,'Physcomitrella'
BMID000000140564,'Phytophthora'
BMID000000140963,'Phytoplasma'
BMID000000140620,'Pichia'
BMID000000141080,'Picrophilus'
BMID000000140413,'Pirellula'
BMID000000140993,'Planctomyces'
BMID000000140319,'Plasmodium'
BMID000000142719,'Pleurocapsa'
BMID000000141072,'Podospora'
BMID000000142142,'Polaribacter'
BMID000000141582,'Polaromonas'
BMID000000141269,'Polymorphum'
BMID000000140224,'Polynucleobacter'
BMID000000140269,'Pongo'
BMID000000140833,'Populus'
BMID000000141833,'Porphyromonas'
BMID000000140988,'Postia'
BMID000000141980,'Prevotella'
BMID000000140761,'Prochlorococcus'
BMID000000141310,'Propionibacterium'
BMID000000140547,'Prosthecochloris'
BMID000000141829,'Proteus'
BMID000000140221,'Protochlamydia'
BMID000000142831,'Providencia'
BMID000000142781,'Pseudanabaena'
BMID000000141720,'Pseudoalteromonas'
BMID000000141975,'Pseudogulbenkiania'
BMID000000141162,'Pseudomonas'
BMID000000141420,'Pseudonocardia'
BMID000000140800,'Pseudovibrio'
BMID000000141005,'Pseudoxanthomonas'
BMID000000141879,'Psychrobacter'
BMID000000142703,'Psychroflexus'
BMID000000141909,'Psychromonas'
BMID000000142840,'Puccinia'
BMID000000140445,'Puniceispirillum'
BMID000000140593,'Pusillimonas'
BMID000000141930,'Pyrenophora'
BMID000000140479,'Pyrobaculum'
BMID000000140916,'Pyrococcus'
BMID000000140676,'Pyrolobus'
BMID000000140253,'Rahnella'
BMID000000140463,'Ralstonia'
BMID000000141592,'Ramlibacter'
BMID000000142584,'Raoultella'
BMID000000140404,'Rattus'
BMID000000142039,'Renibacterium'
BMID000000141631,'Rhizobium'
BMID000000142658,'Rhodanobacter'
BMID000000140612,'Rhodobacter'
BMID000000140362,'Rhodococcus'
BMID000000141118,'Rhodoferax'
BMID000000140294,'Rhodomicrobium'
BMID000000141800,'Rhodopirellula'
BMID000000140819,'Rhodopseudomonas'
BMID000000141321,'Rhodospirillum'
BMID000000140808,'Rhodothermus'
BMID000000141336,'Ricinus'
BMID000000141438,'Rickettsia'
BMID000000141249,'Riemerella'
BMID000000141603,'Riesia'
BMID000000142646,'Rivularia'
BMID000000140934,'Robiginitalea'
BMID000000140592,'Roseburia'
BMID000000141370,'Roseiflexus'
BMID000000141474,'Roseobacter'
BMID000000140642,'Rothia'
BMID000000141363,'Rubrivivax'
BMID000000141687,'Rubrobacter'
BMID000000142583,'Ruminococcus'
BMID000000140571,'Runella'
BMID000000142044,'Ruthia'
BMID000000140287,'Saccharomonospora'
BMID000000141353,'Saccharomyces'
BMID000000141831,'Saccharophagus'
BMID000000140957,'Saccharopolyspora'
BMID000000142616,'Saccharothrix'
BMID000000141040,'Salinibacter'
BMID000000140763,'Salinispora'
BMID000000141143,'Salmonella'
BMID000000141078,'Sanguibacter'
BMID000000140803,'Saprospira'
BMID000000142759,'Sarcophilus'
BMID000000141041,'Scheffersomyces'
BMID000000140991,'Schistosoma'
BMID000000140610,'Schizophyllum'
BMID000000140858,'Schizosaccharomyces'
BMID000000141736,'Sclerotinia'
BMID000000141070,'Sebaldella'
BMID000000142414,'Aphid secondary symbionts'
BMID000000141019,'Segniliparus'
BMID000000141431,'Selaginella'
BMID000000140825,'Selenomonas'
BMID000000141350,'Serratia'
BMID000000142029,'Shewanella'
BMID000000140468,'Shigella'
BMID000000142209,'Shimwellia'
BMID000000140387,'Sideroxydans'
BMID000000140659,'Silicibacter'
BMID000000142510,'Simiduia'
BMID000000141957,'Simkania'
BMID000000142412,'Singulisphaera'
BMID000000140734,'Sinorhizobium'
BMID000000140589,'Slackia'
BMID000000141253,'Sodalis'
BMID000000142344,'Solibacillus'
BMID000000140853,'Solibacter'
BMID000000142222,'Solitalea'
BMID000000140985,'Sorangium'
BMID000000141434,'Sordaria'
BMID000000141104,'Sorghum'
BMID000000141874,'Sphaerobacter'
BMID000000141182,'Sphaerochaeta'
BMID000000141825,'Sphingobacterium'
BMID000000140736,'Sphingobium'
BMID000000140550,'Sphingomonas'
BMID000000141512,'Sphingopyxis'
BMID000000140946,'Spirochaeta'
BMID000000141230,'Spirosoma'
BMID000000141084,'Stackebrandtia'
BMID000000142565,'Stanieria'
BMID000000141211,'Staphylococcus'
BMID000000141849,'Staphylothermus'
BMID000000140370,'Starkeya'
BMID000000141348,'Stenotrophomonas'
BMID000000141424,'Stigmatella'
BMID000000140331,'Streptobacillus'
BMID000000142041,'Streptococcus'
BMID000000140313,'Streptomyces'
BMID000000141886,'Streptosporangium'
BMID000000141635,'Strongylocentrotus'
BMID000000141803,'Sulcia'
BMID000000140510,'Sulfobacillus'
BMID000000141205,'Sulfolobus'
BMID000000141761,'Sulfuricurvum'
BMID000000140214,'Sulfurihydrogenibium'
BMID000000141804,'Sulfurimonas'
BMID000000140377,'Sulfurospirillum'
BMID000000140827,'Sulfurovum'
BMID000000140513,'Sus'
BMID000000140918,'Symbiobacterium'
BMID000000140655,'Synechococcus'
BMID000000140469,'Synechocystis'
BMID000000142730,'Synergistetes'
BMID000000140252,'Syntrophobacter'
BMID000000141320,'Syntrophobotulus'
BMID000000140261,'Syntrophomonas'
BMID000000141397,'Syntrophothermus'
BMID000000140241,'Syntrophus'
BMID000000140511,'Taeniopygia'
BMID000000141467,'Takifugu'
BMID000000140859,'Tannerella'
BMID000000142020,'Taylorella'
BMID000000140521,'Tepidanaerobacter'
BMID000000141274,'Teredinibacter'
BMID000000140643,'Terriglobus'
BMID000000141113,'Tetragenococcus'
BMID000000141145,'Tetrahymena'
BMID000000141696,'Tetraodon'
BMID000000142237,'Tetrapisispora'
BMID000000140726,'Thalassiosira'
BMID000000142820,'Thalassolituus'
BMID000000140233,'Thauera'
BMID000000141735,'Theileria'
BMID000000142621,'Thermacetogenium'
BMID000000140967,'Thermaerobacter'
BMID000000141384,'Thermanaerovibrio'
BMID000000141708,'Thermincola'
BMID000000141917,'Thermoanaerobacter'
BMID000000141508,'Thermoanaerobacterium'
BMID000000142404,'Thermobacillus'
BMID000000141344,'Thermobaculum'
BMID000000141167,'Thermobifida'
BMID000000141770,'Thermobispora'
BMID000000140688,'Thermococcus'
BMID000000140281,'Thermocrinis'
BMID000000141076,'Thermodesulfatator'
BMID000000141016,'Thermodesulfobacterium'
BMID000000140601,'Thermodesulfobium'
BMID000000141137,'Thermodesulfovibrio'
BMID000000141840,'Thermofilum'
BMID000000142268,'Thermogladius'
BMID000000140558,'Thermomicrobium'
BMID000000141513,'Thermomonospora'
BMID000000140373,'Thermoplasma'
BMID000000142763,'Thermoplasmatales'
BMID000000140664,'Thermoproteus'
BMID000000141425,'Thermosediminibacter'
BMID000000140764,'Thermosipho'
BMID000000140314,'Thermosphaera'
BMID000000140975,'Thermosynechococcus'
BMID000000141116,'Thermotoga'
BMID000000141844,'Thermovibrio'
BMID000000141009,'Thermovirga'
BMID000000140551,'Thermus'
BMID000000142304,'Thielavia'
BMID000000141408,'Thioalkalimicrobium'
BMID000000141449,'Thioalkalivibrio'
BMID000000140275,'Thiobacillus'
BMID000000142842,'Thiocystis'
BMID000000142201,'Thioflavicoccus'
BMID000000140611,'Thiomicrospira'
BMID000000141524,'Thiomonas'
BMID000000142496,'Tistrella'
BMID000000141974,'Tolumonas'
BMID000000142483,'Torulaspora'
BMID000000140399,'Toxoplasma'
BMID000000140302,'Tremblaya'
BMID000000140242,'Treponema'
BMID000000141103,'Tribolium'
BMID000000140484,'Trichinella'
BMID000000141235,'Trichodesmium'
BMID000000141315,'Trichomonas'
BMID000000141105,'Trichophyton'
BMID000000141392,'Trichoplax'
BMID000000140537,'Tropheryma'
BMID000000140672,'Truepera'
BMID000000141814,'Trypanosoma'
BMID000000140812,'Tsukamurella'
BMID000000141477,'Tuber'
BMID000000142163,'Turneriella'
BMID000000141823,'Uncinocarpus'
BMID000000140706,'Uncultured'
BMID000000140552,'Ureaplasma'
BMID000000141258,'Ustilago'
BMID000000141755,'Vanderwaltozyma'
BMID000000141988,'Variovorax'
BMID000000141083,'Veillonella'
BMID000000141883,'Verminephrobacter'
BMID000000140965,'Verrucosispora'
BMID000000142552,'Verticillium'
BMID000000141810,'Vesicomyosocius'
BMID000000140908,'Vibrio'
BMID000000140964,'Vitis'
BMID000000140930,'Volvox'
BMID000000141515,'Vulcanisaeta'
BMID000000141945,'Waddlia'
BMID000000140439,'Weeksella'
BMID000000140539,'Weissella'
BMID000000141651,'Wigglesworthia'
BMID000000141406,'Wolbachia'
BMID000000141982,'Wolinella'
BMID000000140481,'Xanthobacter'
BMID000000141117,'Xanthomonas'
BMID000000141255,'Xenopus'
BMID000000141223,'Xenorhabdus'
BMID000000140395,'Xylanimonas'
BMID000000141017,'Xylella'
BMID000000140996,'Yarrowia'
BMID000000141013,'Yersinia'
BMID000000140835,'Zea'
BMID000000141075,'Zinderia'
BMID000000140290,'Zobellia'
BMID000000141111,'Zunongwangia'
BMID000000140682,'Zygosaccharomyces'
BMID000000141262,'Zymomonas'
